<?xml version="1.0" encoding="UTF-8"?>
<!-- sqlMapConfig.xml DB 연결 및 매퍼 위치 설정-->
<!DOCTYPE configuration PUBLIC "-//mybatis.org//DTD Config 3.0//EN"
	 "http://mybatis.org/dtd/mybatis-3-config.dtd">
	 
<configuration>
	<!-- Properties 파일 설정 -->
	<properties resource="com/hwf/config/oracledb.properties" />
	
	<!-- Alias 설정 -->
	<typeAliases>
		<typeAlias  alias="dto"  type="com.hwf.model.QnaDTO"  />
	</typeAliases>

	<!-- DataSource 설정 -->
	<environments default="development">
		<environment id="development">
			<transactionManager type="JDBC" />
			<dataSource type="POOLED">
				<property name="driver" value="${driver}" />
				<property name="url" value="${url}" />
				<property name="username" value="${username}" />
				<property name="password" value="${password}" />
			</dataSource>
		</environment>
	</environments>
	
	<!-- SQL Mapper 설정 -->
	<mappers>
		<mapper resource="sqlMapper/board-mapper.xml" />
	</mappers>
</configuration>