<?xml version="1.0" encoding="UTF-8"?>

<!DOCTYPE mapper PUBLIC "-//mybatis.org//DTD Mapper 3.0//EN"
 	"http://mybatis.org/dtd/mybatis-3-mapper.dtd">

<mapper namespace="cartdao">

	<!-- insert -->
	
	<insert id="insertDataExcept" parameterType="cartdto">
		insert into cart (
		cartid,
		memberId,
		productsId,
		productsName,
		productsIMG,
		productsPrice
		)
		values
		(
		cart_id_seq.nextval,
		#{memberId},
		#{productsId},
		#{productsName},
		#{productsIMG},
		#{productsPrice}
		)
	</insert>

	<insert id="insertnutr" parameterType="cartdto">
		insert into cart
		(cartid,
		memberId,
		productsId,
		productsName,
		productsIMG,
		productsPrice,
		reservation,
		purchasetime,
		endtime
		)
		values 
		(
		cart_id_seq.nextval,
		#{memberId},
		#{productsId},
		#{productsName},
		#{productsIMG},
		#{productsPrice},
		#{reservation},
		to_date(#{purchasetime}, 'yyyy.mm.dd hh24:mi:SS'),
		to_date(#{endtime},
		'yyyy.mm.dd hh24:mi:SS')
		)
	</insert>



	<!-- select -->
	
	<!-- 고객id로 조회 -->
	<select id="selectbyid" resultType="cartdto"
		parameterType="String">
		select * from cart where memberId = #{memberid} ORDER BY
		ROWNUM desc
	</select>

	<!-- 장바구니id로 조회 -->
	<select id="selectPrice" resultType="cartdto"
		parameterType="int">
		select * from cart where CARTID = #{cartid}
	</select>



	<!-- delete -->
	<delete id="deleteid" parameterType="int">
		delete from cart where CARTID = #{memberid}
	</delete>

</mapper>