<?xml version="1.0" encoding="UTF-8"?>

<!DOCTYPE mapper PUBLIC "-//mybatis.org//DTD Mapper 3.0//EN"
 	"http://mybatis.org/dtd/mybatis-3-mapper.dtd">

<mapper namespace="healthfoodMapper">

	<!-- 헬스식품 - 전체 조회 -->
	<select id="healthFoodList" resultType="healthfooddto">
		select * from healthfood
	</select>

	<!-- 헬스식품 - 카테고리 '음식' 조회 -->
	<select id="selectFood" resultType="healthfooddto">
		select * from healthfood
		where hfCategory = 1
	</select>

	<!-- 헬스식품 - 카테고리 '음료' 조회 -->
	<select id="selectCafe" resultType="healthfooddto">
		select * from healthfood
		where hfCategory = 2
	</select>

	<!-- 헬스식품 - 상세보기 -->
	<select id="healthFoodDetail" resultType="healthfooddto"
		parameterType="int">
		select * from healthfood where hfId = #{hfid}
	</select>



	<!-- <mapper namespace="healthfooddao"> -->

	<select id="selectAll" resultType="healthfooddto">
		select * from cart
	</select>

</mapper>